id,brand,model,variant,type,fuel_class,units,rank,share_pct,registered_basis,popularity_rating,paultan_keys,registered_note
proton-emas-5,Proton,eMas 5,Premium,ev,ev,20540,1,14.98,paultan_exact,8,['EV|Proton|e.MAS 5'],
byd-atto-3,BYD,Atto 3,Standard Range,ev,ev,13463,2,9.82,paultan_exact,7,['EV|BYD|Atto 3'],
byd-seal,BYD,Seal,Premium AWD,ev,ev,4242,8,3.09,paultan_exact,6,['EV|BYD|Seal'],
tesla-model-3,Tesla,Model 3,Rear-Wheel Drive,ev,ev,9660,4,7.04,paultan_exact,7,['EV|Tesla|Model 3'],
tesla-model-y,Tesla,Model Y,Rear-Wheel Drive,ev,ev,9323,5,6.8,paultan_exact,7,['EV|Tesla|Model Y'],
xpeng-g6,XPeng,G6,Standard Range,ev,ev,1980,17,1.44,paultan_exact,4,['EV|Xpeng|G6'],
volvo-ex30,Volvo,EX30,Ultra Twin,ev,ev,621,38,0.45,paultan_exact,3,['EV|Volvo|EX30'],
mg4,MG,4,Lux Extended Range,ev,ev,1284,24,0.94,paultan_exact,4,['EV|MG|MG4'],
gac-aion-y-plus,Aion,Y Plus,Standard,ev,ev,0,0,0.0,paultan_no_records,1,"['EV|GAC Aion|Y Plus Premium', 'EV|GAC Aion|Y Plus Standard']",
ora-good-cat,GWM,Ora Good Cat,Pro,ev,ev,1988,16,1.45,paultan_exact,4,['EV|Great Wall|Ora'],
chery-omoda-e5,Chery,Omoda E5,Premium,ev,ev,1311,23,0.96,paultan_exact,4,['EV|Chery|Omoda 5'],
smart-3,smart,#3,Brabus,ev,ev,1413,21,1.03,paultan_family_shared,4,['EV|Smart|Brabus'],Smart Brabus (also covers smart #1)
toyota-corolla-cross-hybrid,Toyota,Corolla Cross,1.8 Hybrid,hybrid,hybrid,32614,1,15.23,paultan_exact,9,['Hybrid|Toyota|Corolla Cross'],
toyota-camry-hybrid,Toyota,Camry,2.5 Hybrid,hybrid,hybrid,10171,7,4.75,paultan_exact,7,['Hybrid|Toyota|Camry'],
honda-hrv-ehev,Honda,HR-V,RS e:HEV,hybrid,hybrid,15774,2,7.37,paultan_exact,7,['Hybrid|Honda|HR-V'],
honda-civic-ehev,Honda,Civic,2.0L e:HEV,hybrid,hybrid,7344,11,3.43,paultan_exact,6,['Hybrid|Honda|Civic'],
wuling-bingo,Wuling,Bingo,,ev,ev,714,36,0.52,paultan_exact,3,['EV|TQ Wuling|Bingo'],
perodua-qv-e,Perodua,QV-E,,ev,ev,498,43,0.36,paultan_exact,2,['EV|Perodua|QV-E'],
seres-3,Seres,3,,ev,ev,1,135,0.0,paultan_exact,1,['EV|Seres|3'],
byd-atto-2,BYD,Atto 2,,ev,ev,2783,12,2.03,paultan_exact,5,['EV|BYD|Atto 2'],
byd-seal-6,BYD,Seal 6,,ev,ev,2681,13,1.95,paultan_exact,5,['EV|BYD|Seal 6'],
dongfeng-box,Dongfeng,Box,,ev,ev,566,40,0.41,paultan_exact,3,"['EV|Dong Feng|Box E3', 'EV|Dong Feng|Box E2']",
proton-emas-7,Proton,eMas 7,,ev,ev,13207,3,9.63,paultan_exact,7,['EV|Proton|e.MAS 7'],
aion-es,Aion,ES,,ev,ev,0,0,0.0,paultan_no_records,1,['EV|GAC|Aion ES'],
leapmotor-b10,Leapmotor,B10,,ev,ev,977,29,0.71,paultan_exact,3,['EV|Leapmotor|B10'],
dongfeng-vigo,Dongfeng,Vigo,,ev,ev,31,85,0.02,paultan_exact,1,['EV|Dong Feng|Vigo'],
byd-m6,BYD,M6,,ev,ev,2857,10,2.08,paultan_exact,5,['EV|BYD|M6'],
mg-s5,MG,S5,,ev,ev,760,34,0.55,paultan_exact,3,['EV|MG|S5'],
icaur-03,iCaur,03,,ev,ev,2328,14,1.7,paultan_exact,5,['EV|iCaur|iCaur 03'],
neta-x,Neta,X,,ev,ev,177,62,0.13,paultan_exact,2,['EV|Neta|X'],
leapmotor-c10,Leapmotor,C10,,ev,ev,1231,26,0.9,paultan_exact,4,['EV|Leapmotor|C10'],
icaur-v23,iCaur,V23,,ev,ev,2249,15,1.64,paultan_exact,5,['EV|iCaur|iCaur V23'],
honda-e:n1,Honda,e:N1,,ev,ev,297,50,0.22,paultan_exact,2,['EV|Honda|e:N1'],
zeekr-x,Zeekr,X,,ev,ev,314,49,0.23,paultan_exact,2,['EV|Zeekr|X'],
byd-sealion-7,BYD,Sealion 7,,ev,ev,6705,6,4.89,paultan_exact,6,['EV|BYD|Sealion'],
renault-zoe,Renault,Zoe,,ev,ev,66,73,0.05,paultan_exact,1,['EV|Renault|Zoe'],
nissan-leaf,Nissan,Leaf,,ev,ev,163,63,0.12,paultan_exact,2,['EV|Nissan|Leaf'],
smart-1,smart,#1,,ev,ev,1413,21,1.03,paultan_family_shared,4,['EV|Smart|Brabus'],Smart Brabus (also covers smart #3)
dongfeng-007,Dongfeng,007,,ev,ev,29,87,0.02,paultan_exact,1,['EV|Dong Feng|007'],
zeekr-7x,Zeekr,7X,,ev,ev,4306,7,3.14,paultan_exact,6,['EV|Zeekr|7X'],
suzuki-evitara,Suzuki,eVitara,,ev,ev,0,0,0.0,paultan_no_records,1,[],
mini-electric,MINI,Electric,,ev,ev,1240,25,0.9,paultan_exact,4,['EV|Mini|Cooper'],
toyota-urban-cruiser,Toyota,Urban Cruiser,,ev,ev,5,105,0.0,paultan_exact,1,['EV|Toyota|Urban Cruiser'],
jac-t9-ev,JAC,T9 EV,,ev,ev,10,99,0.01,paultan_exact,1,['EV|JAC|T9'],
smart-5,smart,#5,,ev,ev,0,0,0.0,paultan_no_records,1,[],
mini-aceman,MINI,Aceman,,ev,ev,469,46,0.34,paultan_exact,2,['EV|Mini|Aceman'],
toyota-bz4x,Toyota,bZ4X,,ev,ev,61,75,0.04,paultan_exact,1,['EV|Toyota|bZ4X'],
toyota-hilux,Toyota,Hilux,,ev,ev,15,92,0.01,paultan_exact,1,['EV|Toyota|Hilux'],
maxus-eterron-9,Maxus,eTerron 9,,ev,ev,4,113,0.0,paultan_exact,1,['EV|Maxus|eTerron 9'],
volvo-ec40,Volvo,EC40,,ev,ev,817,33,0.6,paultan_exact,3,"['EV|Volvo|C40', 'EV|Volvo|EC40']",
bmw-ix1,BMW,iX1,,ev,ev,1312,22,0.96,paultan_exact,4,['EV|BMW|iX1'],
bmw-ix1-l,BMW,iX1 L,,ev,ev,1312,22,0.96,paultan_family_shared,4,['EV|BMW|iX1'],BMW iX1 (same family as BMW iX1)
mini-countryman,MINI,Countryman,,ev,ev,571,39,0.42,paultan_exact,3,['EV|Mini|Countryman'],
maxus-mifa-9,Maxus,MIFA 9,,ev,ev,79,70,0.06,paultan_exact,1,['EV|Weststar Maxus|MIFA 9'],
xpeng-x9,XPeng,X9,,ev,ev,1006,27,0.73,paultan_exact,4,['EV|Xpeng|X9'],
bmw-ix2,BMW,iX2,,ev,ev,937,32,0.68,paultan_exact,3,['EV|BMW|iX2'],
bmw-i4,BMW,i4,,ev,ev,944,31,0.69,paultan_exact,3,['EV|BMW|i4'],
mercedes-benz-eqa,Mercedes-Benz,EQA,,ev,ev,497,44,0.36,paultan_exact,2,['EV|Mercedes Benz|EQA'],
denza-d9,Denza,D9,,ev,ev,1541,19,1.12,paultan_exact,4,['EV|Denza|D9'],
zeekr-009,Zeekr,009,,ev,ev,1417,20,1.03,paultan_exact,4,['EV|Zeekr|009'],
mg-cyberster,MG,Cyberster,,ev,ev,147,65,0.11,paultan_exact,2,['EV|MG|Cyberster'],
volvo-es90,Volvo,ES90,,ev,ev,109,68,0.08,paultan_exact,2,['EV|Volvo|ES90'],
kia-ev9,Kia,EV9,,ev,ev,61,75,0.04,paultan_exact,1,['EV|Kia|EV9'],
denza-z9-gt,Denza,Z9 GT,,ev,ev,91,69,0.07,paultan_exact,1,['EV|Denza|Z9GT'],
bmw-i5,BMW,i5,,ev,ev,997,28,0.73,paultan_exact,3,['EV|BMW|i5'],
bmw-ix3,BMW,iX3,,ev,ev,554,42,0.4,paultan_exact,3,['EV|BMW|iX3'],
mercedes-benz-eqe,Mercedes-Benz,EQE,,ev,ev,717,35,0.52,paultan_exact,3,['EV|Mercedes Benz|EQE'],
mercedes-benz-eqe-suv,Mercedes-Benz,EQE SUV,,ev,ev,717,35,0.52,paultan_family_shared,3,['EV|Mercedes Benz|EQE'],Mercedes Benz EQE (same family as EQE/AMG EQE)
bmw-ix,BMW,iX,,ev,ev,2906,9,2.12,paultan_exact,5,['EV|BMW|iX'],
lexus-rz,Lexus,RZ,,ev,ev,197,59,0.14,paultan_exact,2,['EV|Lexus|RZ'],
bmw-i4-m50,BMW,i4 M50,,ev,ev,944,31,0.69,paultan_family_shared,3,['EV|BMW|i4'],BMW i4 (same family as BMW i4)
volvo-ex90,Volvo,EX90,,ev,ev,148,64,0.11,paultan_exact,2,['EV|Volvo|EX90'],
hyundai-ioniq-5-n,Hyundai,Ioniq 5 N,,ev,ev,348,48,0.25,paultan_family_shared,2,['EV|Hyundai|Ioniq 5'],Hyundai Ioniq 5 (same family as Ioniq 5)
hyundai-ioniq-6-n,Hyundai,Ioniq 6 N,,ev,ev,222,57,0.16,paultan_family_shared,2,['EV|Hyundai|Ioniq 6'],Hyundai Ioniq 6 (same family as Ioniq 6)
mercedes-benz-eqv,Mercedes-Benz,EQV,,ev,ev,14,94,0.01,paultan_exact,1,['EV|Mercedes Benz|EQV'],
lotus-emeya,Lotus,Emeya,,ev,ev,55,78,0.04,paultan_exact,1,['EV|Lotus|Emeya'],
audi-q8-e-tron,Audi,Q8 e-tron,,ev,ev,288,52,0.21,paultan_exact,2,['EV|Audi|Q8'],
audi-q8-e-tron-sportback,Audi,Q8 e-tron Sportback,,ev,ev,288,52,0.21,paultan_family_shared,2,['EV|Audi|Q8'],Audi Q8 (same family as Q8 e-tron)
lotus-eletre,Lotus,Eletre,,ev,ev,294,51,0.21,paultan_exact,2,['EV|Lotus|Eletre'],
porsche-macan-electric,Porsche,Macan Electric,,ev,ev,481,45,0.35,paultan_exact,2,['EV|Porsche|Macan'],
mercedes-benz-eqs-suv,Mercedes-Benz,EQS SUV,,ev,ev,654,37,0.48,paultan_family_shared,3,['EV|Mercedes Benz|EQS'],Mercedes Benz EQS (same family as EQS/AMG EQS)
mercedes-benz-eqs,Mercedes-Benz,EQS,,ev,ev,654,37,0.48,paultan_exact,3,['EV|Mercedes Benz|EQS'],
mercedes-benz-amg-eqe,Mercedes-Benz,AMG EQE,,ev,ev,717,35,0.52,paultan_family_shared,3,['EV|Mercedes Benz|EQE'],Mercedes Benz EQE (same family as EQE/EQE SUV)
bmw-i7,BMW,i7,,ev,ev,966,30,0.7,paultan_exact,3,['EV|BMW|i7'],
mercedes-benz-amg-eqs,Mercedes-Benz,AMG EQS,,ev,ev,654,37,0.48,paultan_family_shared,3,['EV|Mercedes Benz|EQS'],Mercedes Benz EQS (same family as EQS/EQS SUV)
mercedes-benz-g-class,Mercedes-Benz,G-Class,,ev,ev,19,90,0.01,paultan_exact,1,['EV|Mercedes Benz|G-Class'],
mercedes-benz-maybach-eqs-suv,Mercedes-Benz,Maybach EQS SUV,,ev,ev,2,122,0.0,paultan_exact,1,['EV|Mercedes-Maybach|EQS 680'],
chery-tiggo-cross,Chery,Tiggo Cross,,hybrid,hybrid,0,0,0.0,paultan_no_records,1,['Hybrid|Chery|Tiggo'],
toyota-vios,Toyota,Vios,,hybrid,hybrid,4271,17,1.99,paultan_exact,6,['Hybrid|Toyota|Vios'],
proton-emas-7-phev,Proton,eMas 7 PHEV,,phev,hybrid,6247,12,2.92,paultan_exact,6,['Hybrid|Proton|e.MAS 7 PHEV'],
toyota-yaris-cross,Toyota,Yaris Cross,,hybrid,hybrid,3190,18,1.49,paultan_exact,5,['Hybrid|Toyota|Yaris Cross'],
honda-city,Honda,City,,hybrid,hybrid,15258,3,7.13,paultan_exact,7,['Hybrid|Honda|City'],
honda-city-hatchback,Honda,City Hatchback,,hybrid,hybrid,15258,3,7.13,paultan_family_shared,7,['Hybrid|Honda|City'],Honda City (same family as City)
nissan-kicks-e-power,Nissan,Kicks e-Power,,hybrid,hybrid,1687,30,0.79,paultan_exact,4,['Hybrid|Nissan|Kicks'],
foton-tunland,Foton,Tunland,,hybrid,hybrid,0,0,0.0,paultan_no_records,1,[],
chery-tiggo-7,Chery,Tiggo 7,,phev,hybrid,0,0,0.0,paultan_no_records,1,['Hybrid|Chery|Tiggo'],Chery Tiggo (family shared with Tiggo Cross / Tiggo 8 / Tiggo 8 Pro PHEV)
suzuki-fronx,Suzuki,Fronx,,hybrid,hybrid,0,0,0.0,paultan_no_records,1,[],
great-wall-haval-h6,GWM,Haval H6,,hybrid,hybrid,8180,8,3.82,paultan_exact,7,['Hybrid|Great Wall|Haval H6'],
nissan-serena-e-power,Nissan,Serena e-Power,,hybrid,hybrid,14735,4,6.88,paultan_exact,7,['Hybrid|Nissan|Serena'],
chery-tiggo-8,Chery,Tiggo 8,,phev,hybrid,0,0,0.0,paultan_no_records,1,['Hybrid|Chery|Tiggo'],Chery Tiggo (family shared with Tiggo Cross / Tiggo 7 / Tiggo 8 Pro PHEV)
honda-cr-v,Honda,CR-V,,hybrid,hybrid,6043,13,2.82,paultan_exact,6,['Hybrid|Honda|CR-V'],
volkswagen-golf,Volkswagen,Golf,,hybrid,hybrid,143,50,0.07,paultan_exact,2,['Hybrid|Volkswagen|Golf'],
volkswagen-tayron,Volkswagen,Tayron,,hybrid,hybrid,110,55,0.05,paultan_exact,2,['Hybrid|Volkswagen|Tayron'],
hyundai-tucson,Hyundai,Tucson,,hybrid,hybrid,128,53,0.06,paultan_exact,2,['Hybrid|Hyundai|Tucson'],
toyota-innova-zenix,Toyota,Innova Zenix,,hybrid,hybrid,363,40,0.17,paultan_exact,2,['Hybrid|Toyota|Innova Zenix'],
hyundai-santa-fe,Hyundai,Santa Fe,,hybrid,hybrid,292,43,0.14,paultan_exact,2,['Hybrid|Hyundai|Santa Fe'],
lexus-lbx,Lexus,LBX,,hybrid,hybrid,715,37,0.33,paultan_exact,3,['Hybrid|Lexus|LBX'],
mazda-cx-60,Mazda,CX-60,,hybrid,hybrid,19,71,0.01,paultan_exact,1,['Hybrid|Mazda|CX-60'],
great-wall-tank-300,GWM,Tank 300,,hybrid,hybrid,39,65,0.02,paultan_exact,1,['Hybrid|Great Wall|Tank 300'],
mercedes-benz-a-class-sedan,Mercedes-Benz,A-Class Sedan,,hybrid,hybrid,801,34,0.37,paultan_exact,3,['Hybrid|Mercedes Benz|A-Class'],
volvo-xc40,Volvo,XC40,,hybrid,hybrid,1895,26,0.89,paultan_exact,4,['Hybrid|Volvo|XC40'],
great-wall-wey-g9,GWM,Wey G9,,phev,hybrid,1932,25,0.9,paultan_exact,4,['Hybrid|Great Wall|Wey G9'],
honda-prelude,Honda,Prelude,,hybrid,hybrid,46,63,0.02,paultan_exact,1,['Hybrid|Honda|Prelude'],
toyota-harrier,Toyota,Harrier,,hybrid,hybrid,148,49,0.07,paultan_exact,2,['Hybrid|Toyota|Harrier'],
mercedes-benz-c-class,Mercedes-Benz,C-Class,,phev,hybrid,12246,5,5.72,paultan_exact,7,['Hybrid|Mercedes Benz|C-Class'],
mazda-cx-80,Mazda,CX-80,,phev,hybrid,0,0,0.0,paultan_no_records,1,[],
bmw-x3,BMW,X3,,hybrid,hybrid,819,33,0.38,paultan_exact,3,['Hybrid|BMW|X3'],
gac-m8,Gac,M8,,phev,hybrid,56,62,0.03,paultan_exact,1,['Hybrid|GAC|M8'],
great-wall-tank-500,GWM,Tank 500,,hybrid,hybrid,280,44,0.13,paultan_exact,2,['Hybrid|Great Wall|Tank 500'],
volvo-xc60,Volvo,XC60,,phev,hybrid,4477,16,2.09,paultan_exact,6,['Hybrid|Volvo|XC60'],
mercedes-benz-glc,Mercedes-Benz,GLC,,phev,hybrid,4963,14,2.32,paultan_exact,6,['Hybrid|Mercedes Benz|GLC'],
bmw-5-series,BMW,5 Series,,hybrid,hybrid,565,38,0.26,paultan_exact,3,['Hybrid|BMW|5 Series'],
mercedes-benz-amg-a-class-sedan,Mercedes-Benz,AMG A-Class Sedan,,hybrid,hybrid,801,34,0.37,paultan_family_shared,3,['Hybrid|Mercedes Benz|A-Class'],Mercedes Benz A-Class (same family as A-Class Sedan)
mercedes-benz-amg-gla,Mercedes-Benz,AMG GLA,,hybrid,hybrid,772,35,0.36,paultan_exact,3,['Hybrid|Mercedes Benz|GLA'],
mercedes-benz-e-class,Mercedes-Benz,E-Class,,phev,hybrid,7606,10,3.55,paultan_exact,6,['Hybrid|Mercedes Benz|E-Class'],
lexus-nx,Lexus,NX,,hybrid,hybrid,161,48,0.08,paultan_exact,2,['Hybrid|Lexus|NX'],
mercedes-benz-amg-glb,Mercedes-Benz,AMG GLB,,hybrid,hybrid,79,59,0.04,paultan_exact,1,['Hybrid|Mercedes Benz|GLB'],
volvo-xc90,Volvo,XC90,,phev,hybrid,2243,21,1.05,paultan_exact,5,['Hybrid|Volvo|XC90'],
mercedes-benz-glc-coupe,Mercedes-Benz,GLC Coupe,,phev,hybrid,4963,14,2.32,paultan_family_shared,6,['Hybrid|Mercedes Benz|GLC'],Mercedes Benz GLC (same family as GLC/AMG GLC Coupe)
audi-a5-sportback,Audi,A5 Sportback,,hybrid,hybrid,0,0,0.0,paultan_no_records,1,[],
mercedes-benz-amg-c-class,Mercedes-Benz,AMG C-Class,,phev,hybrid,12246,5,5.72,paultan_family_shared,7,['Hybrid|Mercedes Benz|C-Class'],Mercedes Benz C-Class (same family as C-Class)
denza-b8,Denza,B8,,phev,hybrid,14,78,0.01,paultan_exact,1,['Hybrid|Denza|B8'],
audi-q7,Audi,Q7,,hybrid,hybrid,134,52,0.06,paultan_exact,2,['Hybrid|Audi|Q7'],
bmw-x5,BMW,X5,,phev,hybrid,1,123,0.0,paultan_exact,1,['Hybrid|BMW|X5'],
lexus-rx,Lexus,RX,,hybrid,hybrid,1336,32,0.62,paultan_exact,4,['Hybrid|Lexus|RX'],
mercedes-benz-gle,Mercedes-Benz,GLE,,phev,hybrid,2053,23,0.96,paultan_exact,5,['Hybrid|Mercedes Benz|GLE'],
mercedes-benz-amg-glc-coupe,Mercedes-Benz,AMG GLC Coupe,,hybrid,hybrid,4963,14,2.32,paultan_family_shared,6,['Hybrid|Mercedes Benz|GLC'],Mercedes Benz GLC (same family as GLC/GLC Coupe)
mercedes-benz-cle,Mercedes-Benz,CLE,,hybrid,hybrid,38,66,0.02,paultan_exact,1,['Hybrid|Mercedes Benz|CLE'],
toyota-vellfire,Toyota,Vellfire,,hybrid,hybrid,98,56,0.05,paultan_exact,1,['Hybrid|Toyota|Vellfire'],
bmw-x7,BMW,X7,,hybrid,hybrid,1,123,0.0,paultan_exact,1,['Hybrid|BMW|X7'],
bmw-7-series,BMW,7 Series,,phev,hybrid,724,36,0.34,paultan_exact,3,['Hybrid|BMW|7 Series'],
mercedes-benz-amg-cle,Mercedes-Benz,AMG CLE,,hybrid,hybrid,38,66,0.02,paultan_family_shared,1,['Hybrid|Mercedes Benz|CLE'],Mercedes Benz CLE (same family as CLE)
bmw-x6,BMW,X6,,hybrid,hybrid,0,0,0.0,paultan_no_records,1,[],
mercedes-benz-s-class,Mercedes-Benz,S-Class,,phev,hybrid,1701,29,0.79,paultan_exact,4,['Hybrid|Mercedes Benz|S-Class'],
porsche-cayenne-coupe,Porsche,Cayenne Coupe,,phev,hybrid,268,45,0.13,paultan_exact,2,['Hybrid|Porsche|Cayenne'],
mercedes-benz-amg-gle-coupe,Mercedes-Benz,AMG GLE Coupe,,hybrid,hybrid,2053,23,0.96,paultan_family_shared,5,['Hybrid|Mercedes Benz|GLE'],Mercedes Benz GLE (same family as GLE/AMG GLE)
mercedes-benz-amg-sl,Mercedes-Benz,AMG SL,,phev,hybrid,0,0,0.0,paultan_no_records,1,[],
mercedes-benz-amg-gle,Mercedes-Benz,AMG GLE,,hybrid,hybrid,2053,23,0.96,paultan_family_shared,5,['Hybrid|Mercedes Benz|GLE'],Mercedes Benz GLE (same family as GLE/AMG GLE Coupe)
bmw-m5,BMW,M5,,phev,hybrid,0,0,0.0,paultan_no_records,1,[],
lexus-lm,Lexus,LM,,hybrid,hybrid,121,54,0.06,paultan_exact,2,['Hybrid|Lexus|LM'],
lexus-lx,Lexus,LX,,hybrid,hybrid,2,111,0.0,paultan_exact,1,['Hybrid|Lexus|LX'],
mercedes-benz-maybach-s-class,Mercedes-Benz,Maybach S-Class,,hybrid,hybrid,16,77,0.01,paultan_exact,1,['Hybrid|Mercedes-Maybach|S-Class'],
mercedes-benz-maybach-gls,Mercedes-Benz,Maybach GLS,,hybrid,hybrid,10,83,0.0,paultan_exact,1,['Hybrid|Mercedes-Maybach|GLS'],
mercedes-benz-amg-g-class,Mercedes-Benz,AMG G-Class,,hybrid,hybrid,95,57,0.04,paultan_family_shared,1,['Hybrid|Mercedes Benz|G-Class'],Mercedes Benz G-Class hybrid (same family as G-Class)
mercedes-benz-amg-s-class,Mercedes-Benz,AMG S-Class,,phev,hybrid,1701,29,0.79,paultan_family_shared,4,['Hybrid|Mercedes Benz|S-Class'],Mercedes Benz S-Class (same family as S-Class)
jaecoo-j5,Jaecoo,J5,,hybrid,hybrid,3,101,0.0,paultan_exact,1,['Hybrid|Omoda Jaecoo|Jaecoo J5'],
jaecoo-j7,Jaecoo,J7,,hybrid,hybrid,2189,22,1.02,paultan_exact,5,['Hybrid|Omoda Jaecoo|Jaecoo J7'],
jaecoo-j8,Jaecoo,J8,,hybrid,hybrid,3,101,0.0,paultan_exact,1,['Hybrid|Omoda Jaecoo|Jaecoo J8'],
omoda-c9,Omoda,C9,,hybrid,hybrid,0,0,0.0,paultan_no_records,1,['Hybrid|Omoda Jaecoo|Omoda 9'],
jaecoo-j7-phev,Jaecoo,J7 PHEV,,phev,hybrid,2189,22,1.02,paultan_family_shared,5,['Hybrid|Omoda Jaecoo|Jaecoo J7'],Omoda Jaecoo Jaecoo J7 (same family as Jaecoo J7)
omoda-c9-phev,Omoda,C9 PHEV,,phev,hybrid,0,0,0.0,paultan_no_records,1,['Hybrid|Omoda Jaecoo|Omoda 9'],Omoda Jaecoo Omoda 9 (same family as Omoda C9)
byd-dolphin,BYD,Dolphin,Extended Range,ev,ev,2831,11,2.06,paultan_exact,5,['EV|BYD|Dolphin'],
hyundai-ioniq-5,Hyundai,Ioniq 5,Plus AWD Long Range,ev,ev,348,48,0.25,paultan_exact,2,['EV|Hyundai|Ioniq 5'],
kia-ev6,Kia,EV6,GT-Line AWD,ev,ev,120,66,0.09,paultan_exact,2,['EV|Kia|EV6'],
toyota-corolla-hybrid,Toyota,Corolla Hybrid,1.8 Hybrid,hybrid,hybrid,3,101,0.0,paultan_exact,1,"['Hybrid|Toyota|Corolla', 'Hybrid|Toyota|Corolla Altis']",
honda-accord-ehev,Honda,Accord e:HEV,RS e:HEV,hybrid,hybrid,0,0,0.0,paultan_no_records,1,[],
cherry-tiggo8-pro-phev,Chery,Tiggo 8 Pro PHEV,Flagship,hybrid,hybrid,0,0,0.0,paultan_no_records,1,['Hybrid|Chery|Tiggo'],Chery Tiggo (family shared with Tiggo Cross / Tiggo 7 / Tiggo 8)
jaguar-i-pace,Jaguar,I-PACE,EV400 Black LE,ev,ev,61,75,0.04,paultan_exact,1,['EV|Jaguar|I-Pace'],
rolls-royce-spectre,Rolls-Royce,Spectre,,ev,ev,42,82,0.03,paultan_exact,1,['EV|Rolls Royce|Spectre'],
higer-h5c-ace-e1,Higer,H5C (Ace E1),15-Seater Passenger Van,ev,ev,27,89,0.02,paultan_exact,1,['EV|Higer|H5C'],
higer-h7v,Higer,H7V,20-Seater Electric Coaster,ev,ev,1,135,0.0,paultan_exact,1,['EV|Higer|H7V'],
mitsubishi-outlander-phev,Mitsubishi,Outlander PHEV,PHEV (expected 2026 launch),phev,hybrid,2,111,0.0,paultan_exact,1,['Hybrid|Mitsubishi|Outlander'],
ford-mustang-mach-e,Ford,Mustang Mach-E,Premium AWD Extended Range (UK-spec import),ev,ev,12,96,0.01,paultan_exact,1,"['EV|Ford|Mustang', 'EV|Ford|Mach-E']",
porsche-taycan,Porsche,Taycan,Facelift MY2027 (Performance Battery Plus),ev,ev,1714,18,1.25,paultan_exact,4,['EV|Porsche|Taycan'],
mercedes-benz-eqb,Mercedes-Benz,EQB,EQB 300 AMG Line (7-seat),ev,ev,256,56,0.19,paultan_exact,2,['EV|Mercedes Benz|EQB'],
mercedes-benz-eqc,Mercedes-Benz,EQC,EQC 400 4Matic,ev,ev,193,60,0.14,paultan_exact,2,['EV|Mercedes Benz|EQC'],
hyundai-kona-electric,Hyundai,Kona Electric,Standard (39.2 kWh),ev,ev,218,58,0.16,paultan_exact,2,['EV|Hyundai|Kona'],
hyundai-kona-electric-emax,Hyundai,Kona Electric,e-Max Long Range (64 kWh),ev,ev,218,58,0.16,paultan_family_shared,2,['EV|Hyundai|Kona'],Hyundai Kona (same family as Kona Electric)
mg-zs-ev,MG,ZS EV,ZS EV (51.1 kWh),ev,ev,126,66,0.09,paultan_exact,2,"['EV|MG|ZS', 'EV|MG|ZS EV']",
audi-rs-e-tron-gt,Audi,RS e-tron GT,RS e-tron GT (facelift),ev,ev,50,79,0.04,paultan_exact,1,['EV|Audi|RS e-tron GT'],
audi-sq8-e-tron,Audi,SQ8 e-tron,SQ8 e-tron (Mk1),ev,ev,7,103,0.01,paultan_exact,1,['EV|Audi|SQ8'],
mazda-mx-30,Mazda,MX-30,MX-30 (35.5 kWh),ev,ev,32,84,0.02,paultan_exact,1,['EV|Mazda|MX-30'],
bmw-i3s,BMW,i3s,i3s eDrive (120 Ah),ev,ev,31,85,0.02,paultan_exact,1,['EV|BMW|i3'],
kia-niro-ev,Kia,Niro EV,Niro EV (64.8 kWh),ev,ev,11,96,0.01,paultan_exact,1,['EV|Kia|Niro'],
